Olivia,F,18451
Emma,F,17102
Ava,F,14440
Sophia,F,13714
Isabella,F,13306
Charlotte,F,13138
Amelia,F,12862
Mia,F,12414
Harper,F,10442
Evelyn,F,10392
Abigail,F,9106
Emily,F,8213
Ella,F,8079
Elizabeth,F,7844
Camila,F,7809
Luna,F,7755
Sofia,F,7355
Avery,F,7311
Mila,F,7309
Aria,F,7072
Scarlett,F,7044
Penelope,F,6697
Layla,F,6478
Chloe,F,6361
Victoria,F,6344
Madison,F,6269
Eleanor,F,6164
Grace,F,6062
Nora,F,5899
Riley,F,5676
Zoey,F,5650
Hannah,F,5586
Hazel,F,5431
Lily,F,5419
Ellie,F,5404
Violet,F,5386
Lillian,F,5092
Zoe,F,5034
Stella,F,4965
Aurora,F,4952
Natalie,F,4782
Emilia,F,4751
Everly,F,4751
Leah,F,4739
Aubrey,F,4570
Willow,F,4566
Addison,F,4473
Lucy,F,4444
Audrey,F,4430
Bella,F,4354
Nova,F,4294
Brooklyn,F,4270
Paisley,F,4242
Savannah,F,4148
Claire,F,4111
Skylar,F,4022
Isla,F,4021
Genesis,F,4009
Naomi,F,3929
Elena,F,3920
Caroline,F,3900
Eliana,F,3868
Anna,F,3807
Maya,F,3782
Valentina,F,3782
Ruby,F,3707
Kennedy,F,3670
Ivy,F,3664
Ariana,F,3652
Aaliyah,F,3636
Cora,F,3567
Madelyn,F,3557
Alice,F,3527
Kinsley,F,3493
Hailey,F,3469
Gabriella,F,3461
Allison,F,3424
Gianna,F,3408
Serenity,F,3405
Samantha,F,3351
Sarah,F,3287
Autumn,F,3261
Quinn,F,3191
Eva,F,3165
Piper,F,3164
Sophie,F,3159
Sadie,F,3145
Delilah,F,3133
Josephine,F,3087
Nevaeh,F,3080
Adeline,F,3058
Arya,F,3043
Emery,F,2997
Lydia,F,2985
Clara,F,2929
Vivian,F,2911
Madeline,F,2849
Peyton,F,2848
Julia,F,2775
Rylee,F,2766
Brielle,F,2755
Reagan,F,2744
Natalia,F,2721
Jade,F,2703
Athena,F,2702
Maria,F,2700
Leilani,F,2685
Everleigh,F,2607
Liliana,F,2583
Melanie,F,2582
Mackenzie,F,2571
Hadley,F,2562
Raelynn,F,2556
Kaylee,F,2528
Rose,F,2507
Arianna,F,2495
Isabelle,F,2489
Melody,F,2444
Eliza,F,2436
Lyla,F,2435
Katherine,F,2431
Aubree,F,2326
Adalynn,F,2318
Kylie,F,2244
Faith,F,2243
Mary,F,2209
Margaret,F,2199
Ximena,F,2180
Iris,F,2179
Alexandra,F,2122
Jasmine,F,2092
Charlie,F,2067
Amaya,F,2045
Taylor,F,2042
Isabel,F,2038
Ashley,F,2019
Khloe,F,2015
Ryleigh,F,2005
Alexa,F,1995
Amara,F,1982
Valeria,F,1976
Andrea,F,1975
Parker,F,1966
Norah,F,1965
Eden,F,1943
Elliana,F,1943
Brianna,F,1918
Emersyn,F,1909
Valerie,F,1888
Anastasia,F,1886
Eloise,F,1883
Emerson,F,1853
Cecilia,F,1848
Remi,F,1848
Josie,F,1846
Alina,F,1824
Reese,F,1811
Bailey,F,1810
Lucia,F,1804
Adalyn,F,1793
Molly,F,1744
Ayla,F,1734
Sara,F,1731
Daisy,F,1726
London,F,1716
Jordyn,F,1714
Esther,F,1708
Genevieve,F,1699
Harmony,F,1693
Annabelle,F,1688
Alyssa,F,1682
Ariel,F,1674
Aliyah,F,1666
Londyn,F,1655
Juliana,F,1645
Morgan,F,1642
Summer,F,1630
Juliette,F,1627
Trinity,F,1627
Callie,F,1622
Sienna,F,1614
Blakely,F,1607
Alaia,F,1597
Kayla,F,1597
Teagan,F,1589
Alaina,F,1573
Brynlee,F,1570
Finley,F,1563
Catalina,F,1556
Sloane,F,1543
Rachel,F,1529
Lilly,F,1528
Ember,F,1527
Kimberly,F,1527
Juniper,F,1526
Sydney,F,1525
Arabella,F,1522
Gemma,F,1519
Jocelyn,F,1515
Freya,F,1509
June,F,1505
Lauren,F,1505
Amy,F,1471
Presley,F,1470
Georgia,F,1467
Journee,F,1467
Elise,F,1463
Rosalie,F,1460
Ada,F,1459
Laila,F,1449
Brooke,F,1431
Diana,F,1429
Olive,F,1423
River,F,1419
Payton,F,1417
Ariella,F,1415
Daniela,F,1404
Raegan,F,1398
Alayna,F,1388
Gracie,F,1388
Mya,F,1388
Blake,F,1383
Noelle,F,1383
Ana,F,1381
Leila,F,1379
Paige,F,1364
Lila,F,1363
Nicole,F,1355
Rowan,F,1344
Hope,F,1340
Ruth,F,1335
Alana,F,1332
Selena,F,1325
Marley,F,1321
Kamila,F,1319
Alexis,F,1318
Mckenzie,F,1317
Zara,F,1316
Millie,F,1307
Magnolia,F,1306
Kali,F,1305
Kehlani,F,1305
Catherine,F,1299
Maeve,F,1292
Adelyn,F,1289
Sawyer,F,1288
Elsie,F,1283
Lola,F,1283
Jayla,F,1281
Adriana,F,1277
Journey,F,1277
Vera,F,1276
Aspen,F,1275
Joanna,F,1271
Alivia,F,1268
Angela,F,1266
Dakota,F,1264
Camille,F,1263
Nyla,F,1263
Tessa,F,1262
Brooklynn,F,1256
Malia,F,1256
Makayla,F,1248
Rebecca,F,1246
Fiona,F,1245
Mariana,F,1244
Lena,F,1236
Julianna,F,1231
Vanessa,F,1221
Juliet,F,1220
Camilla,F,1216
Kendall,F,1212
Harley,F,1211
Cali,F,1208
Evangeline,F,1208
Mariah,F,1180
Jane,F,1179
Zuri,F,1179
Elaina,F,1167
Sage,F,1164
Amira,F,1160
Adaline,F,1159
Lia,F,1157
Charlee,F,1156
Delaney,F,1152
Lilah,F,1150
Miriam,F,1150
Angelina,F,1145
Mckenna,F,1144
Aniyah,F,1140
Phoebe,F,1139
Michelle,F,1137
Thea,F,1137
Hayden,F,1135
Maggie,F,1124
Lucille,F,1118
Amiyah,F,1104
Annie,F,1098
Alexandria,F,1096
Myla,F,1089
Vivienne,F,1087
Kiara,F,1083
Alani,F,1069
Margot,F,1061
Adelaide,F,1057
Briella,F,1054
Brynn,F,1054
Saylor,F,1048
Destiny,F,1037
Amari,F,1032
Evelynn,F,1023
Haven,F,1017
Phoenix,F,1017
Izabella,F,1014
Kaia,F,1007
Lilliana,F,1004
Harlow,F,1001
Alessandra,F,1000
Madilyn,F,997
Nina,F,995
Logan,F,990
Adelynn,F,989
Amina,F,984
Kate,F,982
Fatima,F,979
Samara,F,978
Winter,F,977
Giselle,F,975
Evie,F,968
Arielle,F,964
Jessica,F,962
Talia,F,962
Leia,F,953
Gabriela,F,952
Gracelyn,F,949
Lexi,F,949
Laura,F,944
Makenzie,F,941
Melissa,F,930
Royalty,F,926
Rylie,F,921
Raelyn,F,914
Gabrielle,F,911
Paris,F,909
Daleyza,F,906
Joy,F,906
Maisie,F,902
Oakley,F,902
Ariyah,F,901
Kailani,F,898
Alayah,F,892
Stephanie,F,891
Amora,F,887
Willa,F,885
Gracelynn,F,884
Elle,F,883
Keira,F,882
Tatum,F,880
Veronica,F,875
Milani,F,872
Felicity,F,865
Paislee,F,864
Allie,F,860
Nylah,F,858
Ariah,F,857
Cassidy,F,857
Lyric,F,857
Madeleine,F,856
Miracle,F,854
Gwendolyn,F,845
Octavia,F,844
Dahlia,F,843
Heidi,F,839
Celeste,F,835
Remington,F,832
Makenna,F,828
Everlee,F,826
Scarlet,F,825
Esmeralda,F,820
Maci,F,820
Lainey,F,816
Jacqueline,F,815
Kira,F,812
Lana,F,811
Brinley,F,806
Demi,F,806
Ophelia,F,804
Lennon,F,793
Reign,F,787
Bristol,F,786
Sabrina,F,782
Alaya,F,780
Jennifer,F,780
Kenzie,F,779
Angel,F,777
Luciana,F,777
Anaya,F,775
Hallie,F,774
Ryan,F,772
Camryn,F,771
Kinley,F,767
Daniella,F,766
Lilith,F,766
Blair,F,765
Amanda,F,763
Collins,F,763
Jordan,F,763
Maliyah,F,762
Rosemary,F,760
Cataleya,F,758
Kaylani,F,758
Gia,F,755
Alison,F,753
Leighton,F,752
Nadia,F,752
Sutton,F,750
Carolina,F,749
Skye,F,749
Alicia,F,748
Regina,F,748
Viviana,F,748
Yaretzi,F,748
Heaven,F,743
Serena,F,743
Raven,F,740
Emely,F,739
Carmen,F,738
Wren,F,738
Helen,F,737
Charleigh,F,735
Danielle,F,733
Daphne,F,733
Esme,F,733
Nayeli,F,733
Maddison,F,732
Sarai,F,725
Dylan,F,724
Frances,F,715
Elisa,F,710
Mabel,F,709
Skyler,F,709
Jenna,F,703
Emelia,F,699
Kaitlyn,F,696
Miranda,F,696
Marlee,F,694
Matilda,F,690
Selah,F,690
Jolene,F,688
Wynter,F,688
Hattie,F,687
Bianca,F,682
Haley,F,681
Lorelei,F,679
Mira,F,679
Braelynn,F,677
Annalise,F,676
Madelynn,F,676
Katie,F,674
Palmer,F,672
Aylin,F,671
Elliott,F,670
Kyla,F,669
Rory,F,669
Avianna,F,668
Liana,F,665
Shiloh,F,665
Kalani,F,664
Jada,F,663
Kelsey,F,661
Elianna,F,659
Jimena,F,659
Kora,F,658
Kamryn,F,655
Ainsley,F,654
Averie,F,652
Kensley,F,652
Helena,F,651
Holly,F,649
Emory,F,648
Macie,F,648
Amber,F,647
Zariah,F,646
Erin,F,644
Eve,F,644
Kathryn,F,644
Renata,F,643
Kayleigh,F,641
Emmy,F,639
Celine,F,638
Francesca,F,636
Fernanda,F,634
April,F,633
Shelby,F,629
Poppy,F,628
Colette,F,626
Meadow,F,626
Nia,F,626
Sierra,F,626
Cheyenne,F,624
Edith,F,623
Oaklynn,F,620
Kennedi,F,619
Abby,F,618
Danna,F,618
Jazlyn,F,618
Alessia,F,617
Mikayla,F,617
Alondra,F,616
Addilyn,F,614
Leona,F,612
Mckinley,F,612
Carter,F,610
Maren,F,608
Sylvia,F,605
Alejandra,F,598
Ariya,F,597
Astrid,F,597
Adrianna,F,596
Charli,F,593
Imani,F,592
Maryam,F,592
Christina,F,590
Stevie,F,585
Maia,F,584
Adelina,F,582
Dream,F,581
Aisha,F,574
Alanna,F,574
Itzel,F,574
Azalea,F,571
Katelyn,F,571
Kylee,F,570
Leslie,F,570
Madilynn,F,569
Myra,F,568
Virginia,F,567
Remy,F,566
Hanna,F,565
Aleah,F,564
Jaliyah,F,564
Antonella,F,563
Aviana,F,561
Cameron,F,561
Chelsea,F,556
Cecelia,F,555
Alia,F,554
Mae,F,554
Cadence,F,553
Emberly,F,552
Charley,F,548
Janelle,F,548
Mallory,F,546
Kaliyah,F,545
Elaine,F,544
Gloria,F,544
Jayleen,F,543
Lorelai,F,543
Malaysia,F,543
Bethany,F,542
Briana,F,542
Beatrice,F,541
Dorothy,F,540
Rosie,F,540
Jemma,F,538
Noa,F,536
Carly,F,535
Mariam,F,531
Anne,F,530
Karina,F,529
Emmalyn,F,528
Ivory,F,528
Ivanna,F,527
Jamie,F,527
Kara,F,526
Aitana,F,525
Jayda,F,524
Justice,F,524
Meredith,F,524
Briar,F,523
Skyla,F,523
Khaleesi,F,522
Dayana,F,520
Julieta,F,520
Katalina,F,519
Kendra,F,518
Oaklyn,F,518
Ashlyn,F,516
Armani,F,515
Jazmin,F,513
Kyra,F,511
Angelica,F,508
Zahra,F,508
Dallas,F,507
Johanna,F,507
Elliot,F,506
Macy,F,506
Monroe,F,505
Kimber,F,503
Henley,F,501
Ari,F,500
Karsyn,F,500
Lyanna,F,499
Lilian,F,498
Amalia,F,497
Nola,F,497
Dior,F,496
Aleena,F,495
Megan,F,493
Michaela,F,492
Amirah,F,490
Cassandra,F,490
Melany,F,490
Legacy,F,489
Reyna,F,488
Alma,F,487
Emmie,F,485
Melina,F,484
Siena,F,484
Priscilla,F,480
Ashlynn,F,478
Savanna,F,478
Sloan,F,478
Tiana,F,477
Aubrie,F,476
Coraline,F,476
Reina,F,476
Allyson,F,473
Kaydence,F,472
Sasha,F,472
Julie,F,471
Alexia,F,466
Irene,F,464
Marilyn,F,462
Greta,F,459
Braelyn,F,458
Emerie,F,457
Lylah,F,455
Nalani,F,454
Monica,F,453
Aileen,F,451
Lauryn,F,451
Anahi,F,449
Aurelia,F,449
Kassidy,F,448
Rayna,F,448
Romina,F,447
Lillie,F,446
Marie,F,446
Rosa,F,446
Saige,F,446
Bonnie,F,445
Kelly,F,445
Xiomara,F,445
Annabella,F,444
Avah,F,441
Lacey,F,441
Anya,F,440
Liberty,F,440
Karen,F,438
Mercy,F,437
Zelda,F,434
Baylee,F,433
Chaya,F,433
Kenna,F,432
Roselyn,F,432
Liv,F,431
Mara,F,431
Ensley,F,430
Malani,F,430
Malaya,F,430
Hadassah,F,428
Lyra,F,428
Adley,F,427
Galilea,F,427
Jaylah,F,427
Karla,F,425
Nala,F,425
Opal,F,424
Aliza,F,423
Milena,F,423
Ailani,F,422
Louisa,F,422
Mina,F,422
Kairi,F,421
Clementine,F,420
Louise,F,420
Maleah,F,420
Janiyah,F,418
Marina,F,417
Anika,F,416
Julissa,F,415
Bailee,F,414
Hayley,F,414
Jessie,F,414
Laney,F,414
Eileen,F,413
Faye,F,413
Kynlee,F,413
Tiffany,F,413
Lara,F,412
Angie,F,411
Joelle,F,410
Rhea,F,409
Calliope,F,406
Jazmine,F,405
Amani,F,401
Haylee,F,401
Aliana,F,400
Leyla,F,398
Jolie,F,397
Kinslee,F,397
Ryann,F,397
Simone,F,397
Milan,F,396
Lennox,F,395
Treasure,F,395
Alora,F,394
Ellis,F,394
Rebekah,F,394
Mikaela,F,392
Lina,F,391
Harmoni,F,390
Yareli,F,390
Giuliana,F,389
Lea,F,388
Harlee,F,387
Elyse,F,385
Frida,F,385
Blaire,F,384
Aya,F,383
Laurel,F,383
Meghan,F,383
Pearl,F,383
Zaylee,F,383
Alena,F,382
Holland,F,382
Bria,F,381
Rayne,F,381
Bridget,F,380
Zariyah,F,380
Kori,F,379
Frankie,F,378
Clarissa,F,377
Brylee,F,375
Davina,F,375
Rivka,F,375
Cynthia,F,373
Zaria,F,373
Madalyn,F,372
Paula,F,372
Salem,F,372
Amelie,F,370
Madisyn,F,370
Vienna,F,370
Haisley,F,369
Ainhoa,F,367
Journi,F,367
Karter,F,367
Oaklee,F,367
Livia,F,366
Miley,F,365
Adele,F,364
Amaia,F,364
Yara,F,362
Averi,F,361
Emmeline,F,359
Kyleigh,F,359
Princess,F,359
Penny,F,358
Sariyah,F,357
Amayah,F,356
Crystal,F,356
Keyla,F,355
Lilyana,F,355
Linda,F,355
Aniya,F,354
Marianna,F,354
Alaiya,F,353
Noemi,F,353
Chanel,F,352
Estella,F,352
Isabela,F,352
Jillian,F,352
Kallie,F,352
Ellianna,F,350
Elsa,F,350
Itzayana,F,350
Zora,F,349
Estelle,F,348
Chana,F,347
Raina,F,347
Royal,F,347
Sunny,F,347
Estrella,F,346
Martha,F,346
Ellen,F,345
Kailey,F,345
Maxine,F,345
Clare,F,342
Teresa,F,342
Annika,F,341
Kamilah,F,340
Azariah,F,339
Della,F,339
Addyson,F,338
Kai,F,338
Lilianna,F,338
Tinsley,F,336
Yaritza,F,336
Navy,F,335
Winnie,F,335
Andi,F,333
Kamiyah,F,333
Waverly,F,333
Sky,F,332
Amaris,F,331
Ramona,F,331
Saoirse,F,331
Hana,F,330
Judith,F,330
Halle,F,329
Laylah,F,329
Novalee,F,329
Jaycee,F,328
Zaniyah,F,328
Alianna,F,327
Paulina,F,327
Jayde,F,326
Thalia,F,326
Giovanna,F,325
Gwen,F,325
Iliana,F,324
Elora,F,323
Ezra,F,323
Kaylie,F,322
Braylee,F,321
Mavis,F,319
Ellison,F,318
Margo,F,318
Mylah,F,318
Paisleigh,F,318
Analia,F,317
August,F,317
Brittany,F,316
Kaisley,F,316
Belen,F,315
Promise,F,315
Amiya,F,314
Dalary,F,314
Veda,F,314
Alisson,F,313
Keilani,F,313
Oakleigh,F,313
Guadalupe,F,312
Leanna,F,311
Rosalyn,F,311
Selene,F,311
Theodora,F,311
Kamari,F,310
Anais,F,309
Elodie,F,308
Celia,F,307
Dani,F,307
Hunter,F,307
Indie,F,307
Kenia,F,307
Nellie,F,307
Belle,F,306
Kataleya,F,306
Lexie,F,306
Miah,F,306
Rylan,F,306
Sylvie,F,306
Valery,F,306
Addilynn,F,305
Dulce,F,305
Marissa,F,305
Meilani,F,305
Natasha,F,305
Jaylee,F,304
Kimora,F,304
Raquel,F,304
Scarlette,F,304
Aliya,F,303
Nataly,F,303
Whitney,F,303
Corinne,F,300
Denver,F,300
Nathalie,F,298
Kiera,F,297
Milana,F,297
Vada,F,297
Violeta,F,297
Luz,F,296
Addisyn,F,295
Casey,F,295
Deborah,F,293
Tori,F,293
Zainab,F,293
Erika,F,292
Jenesis,F,292
Avalynn,F,291
Nancy,F,291
Emmalynn,F,290
Hadlee,F,290
Heavenly,F,290
Aubrielle,F,289
Elisabeth,F,289
Salma,F,289
Adalee,F,288
Landry,F,288
Malayah,F,288
Novah,F,288
Egypt,F,287
Ayleen,F,286
Blessing,F,286
Elina,F,286
Joyce,F,286
Myah,F,286
Zoie,F,286
Christine,F,285
Jaelynn,F,285
Persephone,F,285
Chandler,F,284
Emmaline,F,284
Paloma,F,284
Harleigh,F,283
Noor,F,283
Paola,F,283
India,F,282
Madalynn,F,282
Rosalee,F,282
Florence,F,281
Maliah,F,281
Flora,F,280
Luella,F,280
Patricia,F,280
Whitley,F,280
Carolyn,F,279
Kathleen,F,279
Keily,F,279
Kiana,F,279
Tenley,F,279
Alyson,F,278
Barbara,F,278
Dana,F,278
Yasmin,F,278
Bexley,F,277
Micah,F,277
Tatiana,F,277
Arden,F,276
Aubriella,F,276
Lindsey,F,276
Emani,F,274
Hailee,F,274
Lisa,F,274
Sevyn,F,274
Fallon,F,273
Magdalena,F,273
Tinley,F,273
Halo,F,272
Lailah,F,272
Arlette,F,271
Ansley,F,270
Esperanza,F,270
Cleo,F,269
Aila,F,268
Emerald,F,268
Jaelyn,F,268
Karlee,F,267
Kaya,F,267
Ingrid,F,266
Jewel,F,266
Emilee,F,264
Giana,F,263
Paityn,F,263
Zola,F,263
Amoura,F,262
Renee,F,262
Ann,F,261
Berkley,F,261
Harriet,F,261
Queen,F,261
Sariah,F,261
Beatrix,F,260
Sandra,F,260
Alannah,F,259
Austyn,F,259
Freyja,F,259
Kaylin,F,259
Samira,F,259
Taliyah,F,259
Hadleigh,F,258
Kaiya,F,258
Robin,F,258
Luisa,F,257
Zendaya,F,257
Ariadne,F,256
Dixie,F,256